cookie,modified_sequence,conversion,conversion_value,path_length
i7DBiBC93noBoEE09nABDDEo3,FFIIFIISSVSSSIFFV,1,7,17
0Bhkf9E0hhionfi37Bk93F39o,SSDDDFFIIFII,1,5,12
hffB09ED0kinCk0CA9nh7Fk9f,FFFDDFSFIFFFFFIFIF,1,7.5,18
B0AfEnnE79h9BkDDnonDki7n9,FIFVISVVVFI,1,6,11
93EifADfho7iDC07nBoDAooDF,DDDDFSSISSFS,1,6.5,12
FCA0of00fDnnCoiE7F3FkFhCA,VVISSVVVDDV,1,8,11
7kki0nBBnCDDEf70iAnn3i73F,FFVVSFVVIVVVVVVVVVFF,1,7,20
9kf990Doii930EA3k9CffhCE7,DFIDSDSSDDSDDDIFIFDFFFSFF,1,6.5,25
39EiE0E3kE7n7CnBfnABACDCE,SDDSSSFSIFSSSS,1,6,14
h077F39f39CE00DhnkEAF7AhC,SSSSSDSSFFIFFFDFIFFFFIF,1,5.5,23
FoBAfniFikk9BoFkoCfCAF9kC,VVFIVVIFFSFF,1,6.5,12
fkA0FEoEAkiCBhohoCCfkACFn,DDDDSSSFFSDIFDD,1,8.5,15
F73DfoAA0inBi7i07Fi0n7BAD,FISVVVSFVVVVV,1,6,13
hnnkChChhikBfEfhAA3oAC77F,FSFIFVFFFFD,1,5.5,11
FoBFnnihnoFDi00A7C7hADnCo,FFIFSDSDFFFIF,1,8.5,13
fnFF9n3AFEEEifkACkCEfoEDA,SSISFVVVVVVVSVVVV,1,8,17
CEnoooiA900fFBF0oEo90Bokh,FFFFIDVFFIFIFFVFFFV,1,8,19
khEhnoB9f7DkhB7kFCn9o9A3k,FDDVDVSDDDDDFF,1,6,14
FBDCiFFfECfCAkEDDF300n77n,VVVVVVVFSVVFFFFFFFFVIII,1,5,23
hnFkCCFACEiiD0DnF7knEDoAF,DIIFSFFDFSSFII,1,5.5,14
7okAAEAnDkC7377hknfFffn7F,FSSFFFIFFIDDI,1,6,13
C3Ef9ok3ofoBCDkEio00Ef700,SVVVVFFFVFVFFIFIIFI,1,6,19
DBoBnnEhof7D7hEF770iDFE90,VVVFVVIVVVSVVVVVVVVVV,1,7,21
BoADDiCCFFhEEhD3EhA90F09B,FISFDFDDDDDDFSDFIIIIFF,1,8.5,22
7hiED973f0CCoE0nBE9innBoo,FFFSSSVVVVVVVIFIFV,1,6.5,18
fnEnfA9n3ok9FCkD0AhhA0hFB,FSFDFDFDDFFISSFF,1,8.5,16
3AFoFECf9oCooDhkn0fD99hAi,FSDSSSFFIFI,1,8.5,11
DB7FhFfCAkoA9C9o0E3A0ABDC,SFIVVVSDSSSVVSSVSVVDVVVVVVVVSS,1,5,30
C3f39AAhAkkfAkAi3nED9BD7h,VVVVDVVVVFVVVSSSSDVDV,1,6.5,21
7ohF9909E9i7A0DnFkDEn9CDo,SSFSVVDFISSVVIFI,0,0,16
on9iCfoA79097AB3CE7ECBffB,FIIIIFFIIIFFFIFVVFFSSFF,0,0,23
BiiDnki3fiF3hE703oi9E0nkn,DVVVVVVFVVVI,0,0,12
fCiAEChFFCo3DCEnnhAE7o9BA,VFVVVVVDVIVFFFDFI,0,0,17
nC3ki07FChDDihk3o3BABnEkC,DIIFFIFFFFISFFSF,0,0,16
nD0oniAh9EDBEfFF3EF7f90ko,IFFFFFFFFFDSS,0,0,13
EhFF0EnF0khEDEF079iAiDB0f,IFFFDFDDDFDSSD,0,0,14
AC9CFn9nhD97okA0DDf3BBDDk,DDVDSVVVVDDDFI,0,0,14
ni0iD933i3hkh9BC7CDCo9DF7,SDSSSSDSSSSSSSSFFI,0,0,18
nD9nnBCCBCkCBC7iC07hfBAhn,IIFIIDFIIFFSIFFIFFFID,0,0,21
koBFFnF3DBiih3Di79E3h9E7o,DIISSIIFFFF,0,0,11
7nEFFfBnff7k3nAA9nA7hEBEi,SSIFVFFVFFF,0,0,11
Aii9ffn9o70nDnkAEDDB0ofiF,SVFVVVVDSSFVV,0,0,13
ABoni0hFiE7nD3FEBk3BCokEi,FSSSSSFDFFIFF,0,0,13
377iffEoCf3oB7DEnhE9FBEE3,VVSSVIVVVVVVIF,0,0,14
D33kkF99fAk3EA0CfED0o3k3F,ISDFFDDDDSD,0,0,11
7fDBEEfhFBAn7no0fi9Ei73kk,VFDFVVVVVVVVVVVVVVVVIVII,0,0,24
F0oC3n3fFCo3Ahni3A3FfinAk,SFIFVVVDDSSVVSSS,0,0,16
7iC09fC93C703CoEio9BDhn0f,SDFIFIFFFSFIDFIFFFSSFIFFFFFFFIFF,0,0,32
B9B3EfnA70773DoF7AnBChkio,VFIFFFSSVVSS,0,0,12
07C7EEEkF7nD70hEDiiioD0f0,ISSDDFSSDDFF,0,0,12
n7n3E9Co3f0kokA9hE0h9oCCn,IIFFFVVVFIFFVDDFIFF,0,0,19
0inBC9o3iFh9o9AokhCiihB3D,FFFFIFFFDFFFFFFFV,0,0,17
fBnC399BFDDDBD9B7hBhFi00f,FVVVVVVVSVVFFIFII,0,0,17
oihFiDEE99E3ioE90nkhB7ffE,DDFSSIDSFDSDSSSDDDD,0,0,19
BnD0979oFkEiAhhkf7B03EC9F,FDDSSDSSSSIFFFF,0,0,15
kB0f09kh9Ekif3h7BfBC7FffE,FFFFFFISSSFFFDDVF,0,0,17
DDnE7f0oF970Af3nC9FAF9Eko,DVVVVVVVVVVVVVVVVVVVVVVVSVVDVVF,0,0,31
AohiA0kAF37n90o9B3hEA7AAF,FSISSDFDSFISSDF,0,0,15
fChkA9CFCDi3Cno7nfDh7ABAo,VDDVVVVDSVVVVVVVVVVFV,0,0,21
iE7FioDh9EA9hFknfkhkDkAfn,FFFFFFIISSVF,0,0,12
7DBkBA9BEfkCFFi93FF3DikE9,DDDSSFDIFIFDDIDDDDIDDD,0,0,22
A77n0o9EFAkAE9Cfh0779kF90,FIFFSVVVVVVFFVVVVVVVVS,0,0,22
hCfD73CD307D7F7h7f3hF3h7E,SDVVIFFIIFV,0,0,11
3hAABFCh3iCB799AA3BFk99Bn,IFSSDSSSFII,0,0,11
oB99fF9i3k7hhAkBDAA3hADBn,VVVFVDSFVFI,0,0,11
9iDiCB97DB9f9B9B7h79Ak0CA,SSIIFDFFIFDIFII,0,0,15
f797F9A7700FDBnAEDnEEoA3f,FSDISSSSSSSFSSSSSFFFSFSSS,0,0,25
Bn0Cf9k3EBiEkEf3fnDDCBFBD,SSSSSISFFVVV,0,0,12
nAo9hBAkFff3D7CDBAFEik99i,DVVVVVVVVVVVVVVVVVVVIFVVVV,0,0,26
7FB99iBniiDifh3n3nnBo03AB,SVVIIIFIFVVVI,0,0,13
9D7kfk9iEkhEoih0h7kk0Df9k,FISSSSISDDSSSSFIF,0,0,17
AoiAnB7k7DCnknBB03ffFn3Dh,SSIIDDFFDDDDDDDFDDDFFF,0,0,22
E9ihA7hA39ofAFkFABkni9Dfk,SFISSSFFIDDF,0,0,12
C0khFhCCChBonfoFiFfo33BBo,SSFIVVDDFIF,0,0,11
7kCAB7ohD7nE9BFEFhAnkA9hf,FFFIIIDFDIIIVIV,0,0,15
0khh7E3BDfBDoo0fff3DkE9FF,FFDISDDDDDD,0,0,11
oFfA7io9hBiFFA9kk09ofiAoA,SFFIFFIFFIDFF,0,0,13
hAoC3fk90B9hFfCACDCC0Bhni,IFIDFIFIIIFIFFFFDS,0,0,18
9090FhAo3DhAoooEEhEko3An0,FFFIFFFFFFFDVFFFFFF,0,0,19
kEih0CfoFCif73997iBCffDFf,VVVVSVVVVVVVVVFIFFVVVVVFFFVV,0,0,28
FBAEEFFkiDE37Dn7CBCFA93F9,VVVIFFFVVVS,0,0,11
oAAh0oE93AC00999AnfED7kBF,FFIVDFFFFFFIIFFFF,0,0,17
0A0E9Bho30noinf307iA3DDnf,VVFIFFSFIFII,0,0,12
Bkk7hkiAhD3B9i0BBAhhED3fC,FFDDDDDDSSIIF,0,0,13
C7AA7fnhAioohE9Ef7h0kB99k,SFSSISDDSSSF,0,0,12
003FBikADDh07DFhnffAFhFiC,DDIFFIFFSDVSD,0,0,13
0BDkBC9oh7ffAFkEn3Eohoh3f,IFFIIFFFFFFFFFVIFFSSSFFFII,0,0,26
hC39ih0AfkoB9nfi7E0AFk0En,IFIIVSIIIFF,0,0,11
fkFD3Fkn3hBfokB099nCfAnoD,FIFFFIIFDFVVSI,0,0,14
3iBB79fAFh79o7noioof0CAnk,SFVVVVIFIISIFFF,0,0,15
kAEAo9DBB7fB3Ak0Ff9nFFACE,SSDSSDSSIFFFFF,0,0,14
fFhkFkBnCBiCf3hnF0kEF9BfF,IIFIFIIFFFDIFFFSIVVVVVVVDF,0,0,26
D00FkBnio0Bh3fi7oBAB7Ckkn,FSSIDSDDDSSDDSDSSSSDSSSFSFDDSSSS,0,0,32
finBFAioCoofECAioECBoA3Eo,SSSSDSSDSFSDDI,0,0,14
93FnC3oAi90D7BkCDk93D9BFC,DIFFFFFIIFFFIFSF,0,0,16
oF7oh007ihFioi90nDAffFAED,FDSSSSFFDFIFFIFFIFFFIFIIFF,0,0,26
ki09kionhn3iBoCEAfDk3fok0,SSSFFSFIIIFFIFFFIFFIDI,0,0,22
0fDhDf3kAAh37iBn70CADi0FF,FIFFFFISFFFV,0,0,12
CFfoADDEB0C37EDFiA0FfoCnA,FFDIFIDFIFSSDD,0,0,14
kknAif07ho0hk09honBECf0hE,VVSVVVVVVIF,0,0,11
Bo999Dhkh0AfoF39oDoFi7FD7,SSVFFFFVFVVVVVDDFIFIVVFFFF,0,0,26
37EiffF03CEn79A9A9iEEB0oi,SDSSFFFFIDF,0,0,11
Co7h7C9BAkhnA0iAo0DnkA7iF,FIFFDFIFVFIFFFFFFFIFDFFIFFIFF,0,0,29
9CAhin3A9AfBnBik9FfBknoA3,DFIFFSDDIFIFI,0,0,13
i3fAhF7hAn9DnnBnChC090F7A,VVVIFIFSVVVV,0,0,12
C9fo0fBE70iC70D0hfBiFkEDo,ISSDFDSDIDDF,0,0,12
AkF0AfA0hnfF3Fnkk00i3i7kE,IISVVIFVFVV,0,0,11
fDDAo9CBFEC0977ffi9AnEF03,IFFIFFFFIISIIVFFVVIF,0,0,20
0D0fDFFf03fhfFCC7i0Di0EEf,FISSSDDSDDSSDDSD,0,0,16
3BD03fEi0fC97D3o973Fn7A0A,VVVVVVVVVVSFVVDVVVI,0,0,19
oEfFfDEk0Bf909hk93979DBFB,DFFSVVSVVVVVVVV,0,0,15
F3C3FCiiihEDkh9io33Ffinf7,SIIFIFDDFIFI,0,0,12
oFo9i90o0ifEnCBfnB0ofhA09,VVDFSVVVVVVFDFVV,0,0,16
Ci0EDFBChFDFC337AEBA0oi90,SSFDDFFFFIF,0,0,11
3kfFk93AoE7B90Co3Ahk3nh9A,DSFFDFFIFFIF,0,0,12
oChiDDikCkEBko0k7nD39nko9,FSSFFISSDFSDD,0,0,13
0F3D90h0hfBhEA0EFAAoFnCii,VVVVVVIVVVVVVVVVIFD,0,0,19
0AFBFC0BoDkohFE09Fkho0noi,FSFIVVVVVVIFVFFIFIFFFFFFFFIIFF,0,0,30
7ADEhB0f9kCBiEiB9nif7CfkE,IIFFIVIIISFFFFF,0,0,15
io9ffDEBEoiDk73k37E33oBkB,IVDFFIVFVVVVVVIVVVD,0,0,19
EihB7AFho3kkFABhkC0kFCFBF,IFFFVVVVVSVIS,0,0,13
0io0iikCoh7AFDBBfioBn3Bn7,IFFFFIFIFIFFFIFFFFDDDDSSDDSSS,0,0,29
97ikf937k3oho9iAnDDk009o0,IFFFDSIFFFFF,0,0,12
h97EkEEC7BokkFh7D0A7f0kF3,VVIFVVFFFFFFIFFFFFFIFFIFIFIFFFSS,0,0,32
CA7EhiBEAnCfB73BEEh7n3A0k,SSSSSIIFFDIFFFI,0,0,15
9DnFA0oA9AhF0DinAE7EDkFif,FFVFIFFFFDISSF,0,0,14
EECDAk0E7C73C9k0iiAB9AChE,IISSFDFFFDF,0,0,11
9kE7nFCEFkn97D33oAiiFfFB3,VVFVVDDVVVVDFVVVSVVVVD,0,0,22
kFAfBkk3Ei9kBFFk3fhC03A0B,FFFSSFFDFFIVIFF,0,0,15
E33BkhiAEF93ko3ChA00iiDfn,FFVIDDFDIDSSFIVVIIIFFDF,0,0,23
fEihEfiki93A0kf9BDih3o0FF,VIVVIFVFFSV,0,0,11
ioh0iF00C9FnBikA9FC9nD9ED,DFSDDDFDDISFF,0,0,13
030kfioih0kE70EADFC0fFB7h,VVIVVVVVIVVVVVVVVVVVVVVVVDVVVVS,0,0,31
3A07hihFoihEF0EkhFk0oBiEF,VVVSSSSSVSVVDFISV,0,0,17
EAFhFf3BnfAChfFFkAABf3h9D,VFVIISVVVVVVVVV,0,0,15
DFA7B9AFB9C0Fi3nh7o99ifF3,FDSSSDDSFDDDDSSI,0,0,16
kknB3koDnnno03fACiAkoFoEh,DSDDFIDDDDFFDI,0,0,14
fBi9fh70nFikhA3nAnEiffhoF,SIFFFIFFSDFII,0,0,13
0ABhnEhCF79EnBCh379EfiC99,FSFIFSISFFDFFFFISFSIDFF,0,0,23
nkknBAhCFknn7nifFhEAk30kF,IFISSDDSDFFF,0,0,12
C3fF0C30CnfoFhC0oAk9B07oo,DFFFIIVVDSFIIFFFIFIIIIFFF,0,0,25
n0fkkiCBB3k3E9AhiFDCoknEn,FIDSDSSFFFI,0,0,11
00DBACC3C0i0n0A90A7hF3o37,ISIVFVVIVFFVFI,0,0,14
0B90B9BCiFff3hk09C0FBDCA9,FVFFVFFFFFSFFDDFF,0,0,17
BB7noFFB3EiC93DhfnD9nnDFh,SFFFIFFFVIFFFFV,0,0,15
3oFo7DhCkBo73FEfC0kEBi0F3,VVVVVSSSSFFI,0,0,12
EDA3nE7k7khoho7EF0DCif9fk,FFIFFDSDIFS,0,0,11
fookA9ChoB3kDhD033oA9FoEF,DFFFFIFSFDF,0,0,11
777o0fA0A0koBokfiAEiDo3DC,DDVVVVDDFVDVVVVVS,0,0,17
A37073f9E970CEn3iihh9fBof,DFDDISSDDDDFDFF,0,0,15
okiEFi0E3kC09fAf0h9n3DAf0,SSSFVVVVVIV,0,0,11
Dfho3FfhoiFn9h7fB3fE7hh9E,FSSSFIFVVVSFVF,0,0,14
0i0hC07BE0nCoi3AAkinkBf03,FVVVVVVVSSFFSIFI,0,0,16
fnnDBA7kiFDChDAi0kh3kAAfD,FVVVVIIDVIFISF,0,0,14
hhkAoAoiDkiBhEi9ko7fAEkh0,IFFFIFIIIFIFIIVS,0,0,16
hiF7fFkBD0nkoFh9F3oCFfB77,DSSFIDSDDDD,0,0,11
0fFofCEBBhoFoFnikB0h707F3,FDIFSDDFDDDFIFI,0,0,15
03AABA9iBDCEFoCoF000Doi9A,FFIFSDFSSFSSDFII,0,0,16
nDF3FA39ADEnoD39iFFCCk3Di,FIFSFFSSFSIFFIIFV,0,0,17
9ooBC7n3EDih3DBABh9AAhifi,DFIDDDDDDSDDD,0,0,13
koi3EniooDDFEkf770i3hACii,SFFSSIIVVVVVS,0,0,13
noo7o09h77Afn3fiE07oEAof7,DVDDSDDDFSSIDSDDS,0,0,17
ADDf3D3nnokFkkin90EDEA0BA,FIFFFFIIFFIIFVFFFS,0,0,18
A7A0oBk70FEk37C7CEABfhADi,SSSSDSSSSIFFFFF,0,0,15
oF3BFCho0FEE3n09o0Dn3ono7,DFSSSSSSDIFIFD,0,0,14
oAnoAD93DfnBAh7DkiCoA979E,SIIIFSSFFFFFFVFF,0,0,16
knBo3CADCB9ifE7C9kCCn93oE,SSFSDSSFSDFSSIDDSIDSSSDS,0,0,24
iAEikADFkkF0hh9Fkk3907Co7,SFFFSSSSDIFI,0,0,12
BfEC70DDCFkD3oF007DAoFiAn,SSSIDDFDVVV,0,0,11
Fn3iBk0kAfDfi3hAnFiCFo77A,VFVIVVVVVVVIVFFVVDFFI,0,0,21
nBfno3n0n7C9AkCh7FBFDA07i,SDDSSFDDSIF,0,0,11
BB9Fh3B3AFfii9Eh900BDCf0o,SSSDDDDFIFIFFFF,0,0,15
hiBo7C777Dkk7o99BnFFk3nED,FFFFFSFIFFDDFFF,0,0,15
EBD0i7DBhf7EnhoA9B0no3h0C,VVVVSFIFVVFF,0,0,12
CoAkA3BfABo07ACDk07nD30kC,VVIFFFDDDFSFF,0,0,13
f7koBhfo3A3oDnDfCAoDi3Fk0,DFFFFIIFFISSFF,0,0,14
A33hBDhABBh7CfCEi09f3DE0h,FSDDSIFIFIDD,0,0,12
o73knAnkokAfkfCAEo9A7EBn7,FDDFSDVVFVV,0,0,11
BFh07EkAkC3nfA907hC9A3hD0,ISFDDDDDDDDISSSI,0,0,16
ki97hEB3i0nkAD93nhkh79iCk,SDSDDSSDFISS,0,0,12
nAno7o9i3iDDEinBn3iFB9kA7,VIFVVVVVFSISVVVVFVV,0,0,19
CAfAiB07fDEofinfkCD0hk9BF,FIFFDDFIFSSFFSF,0,0,15
97FnfEof70noCABDo3nh3hoDF,ISISSVVVVFIFV,0,0,13
ofCiB07oEBB0AFDAh9DBoknnF,DVVIIFIFFFFFFIFIIFFIFF,0,0,22
nE90ihi09iDhnDAh7ioiioo0D,FVSFIVVFVFFI,0,0,12
7fhk37hC7n3B7oCC0hihkFDEE,FSIFVVIFDDFFV,0,0,13
ihiF33kon9ohEfAFBoBkCnoC9,SFIFFVVVFFFVVVVVF,0,0,17
nDChhEF7CAB0k7A3BF9kEFB3o,FIFIFVSFFFVI,0,0,12
AE0F7FkFABAFi0EinfF3kBD9i,FIVFIIIFSSSFFF,0,0,14
iEDB0iB3CAoAABDhACAfBEi97,SFIIIFFFVVF,0,0,11
FhoFhnoi00B0hCCBkCFn7i3BB,FIIFFFFSFIDF,0,0,12
D0CFAnhF0CEDoF0nEAF7EDhhC,DSSSDDDDDDSSIDDDDFFF,0,0,20
ihDB09i09C0iDf0DBhinBoDh0,SSDFIVVVISSV,0,0,12
fB0oF9nFEfkEfiDF99E0CoBff,IDSFFFIDDDI,0,0,11
k7Cn30E3nE7BBCDioho9Do0n0,IFIFFFIFSFFVFFI,0,0,15
CEoCoAo3n9DooiEhA97i9h97k,VFVVVVVSSVVVVI,0,0,14
iBn3ohnEhh3fA3900EC3hho9B,FFFIFFFIFFFFIFIFSFFSSDDFFFFIFFF,0,0,31
hEk9kEEf9Bk9niCiECkDE3i7E,SVVVVVVVVSDFFDF,0,0,15
0oCoC7D0E99kE39BoBB7ffBn3,SSSSSISFFSSDD,0,0,13
BAB3oA7inoE3k3fEh9iFFCBAA,SFFFDDDSSFVVVVVV,0,0,16
hiBi0k7E3i39DD7AnFFD33fo0,VDFFFVDVVSVVVF,0,0,14
ko3E9303nD7ioBDiDDkhi3DBo,SFVVVFIVVFVFVVVIF,0,0,17
nD7h7kE79ACo7Fkhk9oCEihC3,FDFSDVSSVSIDSDF,0,0,15
EnDnAiF3Cifo3kAi3nno3hBk9,FFFIFFSFVFI,0,0,11
3koCCBf9CBE0DiFfCAA0iA033,DSSVVVVVVVVVVVFVVVVVVVVVVVVD,0,0,28
A3FBACBCoBCCFBEhoDfnDknDA,VVSIVDFVVVF,0,0,11
D3kkn9f7Bhf30ok7o9hhCnBAA,FISFFVSIVVV,0,0,11
Dh0n7no09h3i39ofkkBED0kEo,FFFFFFFISIDFFDFVD,0,0,17
039k7EhDDE7oA9iiDDhFnof03,SFSSSVSDSVVVVVFVS,0,0,17
hfiCfDDniFnkBhC7CiCCCEn7E,FFFFISIFFVVVV,0,0,13
hAEfi3fnoEfCi3nn0Ein7DDBf,FFFSSSSSIVVVVV,0,0,14
BoBFDiFkkf93hBonB7kniB3C3,ISVFISFVSFIIFFSSSSS,0,0,19
BhBB0AfnCohin3Bn93DBhh9fC,IIIIDFIIFFIFIIS,0,0,15
CBk7EfDACiiDoC0nk0B7DBABC,VFFVFFFIFFIFFFFFSIIIFIFFIFF,0,0,27
ChF0CnkkAihE3oif7BCD9A09B,IIFSFSSSIDSFSFF,0,0,15
09CCFBEDFCEf3Bi07EDookkkB,FFFIIFFFFDDDDDVD,0,0,16
no70A3kohCfhk03CinCFBfh3f,SDDDFFIDDIF,0,0,11
9k3D73hBCn3nEBkkBiEFkDnC0,VSVVVVVVVFFIFV,0,0,14
90oC3kEo7i9nkhiEhBEnBnokC,DVVVVVVVFVVVVVVVVDFVVFFI,0,0,24
oCE77hD0DoF7F7f0hA3okhChC,DIISDFSSDFD,0,0,11
o0kA0AkC7oC3An0097nkDiEnk,DISSSISSSSSFSI,0,0,14
C3C9kC0Ao3DAEiAAnFk770D7n,VDFIDVSFDDFFDSF,0,0,15
oAofi7i9f7E07C7hFiiif09Eh,ISSFFFVVIIVVVI,0,0,14
hCi0Bh7FCE9ACCADD3oi9BBEA,DDSFIFFFIFFFFF,0,0,14
oF9oEE0DoF97fEBEEBDCD09CE,SDIFIIFIVVVV,0,0,12
DCCCnFfEFhC7f3DCfAknECfDB,FFFSFFDDIFDDD,0,0,13
DFhoD0kB3f3CBChBfFoikfi73,IIIIFIFIFIIFFDIVF,0,0,17
CoBhFnCB00oCBE0nECACoDFAo,SDSSSIFISSS,0,0,11
9Bffonk3k0F0iE7nifkk3EAF3,DFFFFFSSSFIIFFFFF,0,0,17
EFfE0hD7EFhhfiD7CBkAnoFEo,IDSDVSVVIVVSSVV,0,0,15
C0CiE3CBkk7hFEn9hkoAoinkf,FFIVSFVIFVVVF,0,0,13
in7D9EDfffkh7FnnEDkoiCi3C,SSSDSFIIFFF,0,0,11
Bf9AAfCnBhfFC0of3kEBAkh0f,VFSDVVIDDVVVVVVVVVVVVVVV,0,0,24
00Ai3f3Ch3D9B9nnfDiEC0fA7,DDDDFDFSFSFI,0,0,12
9Coh3o0BD9finfn7n7FFCD33f,FFFIFFISDDF,0,0,11
7C0En3AkEBCf73E9k9Ah7knF0,DIFFDFFIDDDSSSSSSSS,0,0,19
Eoi03EiAhADFEfE7nEf9AB7F9,FFVVVVVIDDIF,0,0,12
AiDBi9hk33An7A3iEn3hiniFF,ISFSFDDFVFFIFFSFI,0,0,17
hifof0Fh7hF7EnCFn7kk7E9iF,FFFSSSSFVVVSFIFVF,0,0,17
9EC9iiiD0CBii7k30ffFknAFn,FDFDVDDIDDDDD,0,0,13
BF779i3hAhinEfffhkif7fEiE,SIVFVVVVVVVV,0,0,12
i90BDoDDBoonFi09k9FhBEEf0,VFIIFVVFVVFVSF,0,0,14
hFBkokokAAhkfE0kfF907hnAE,IFFFIFSFFVIF,0,0,12
EBhhki0CkDAB93fDff0kCiF7C,IVVVVIDIFFFIIFFIFDD,0,0,19
9f7o3n7iBkE0E7knhf3nD7AEE,DFFFDSSIFFFI,0,0,12
f3Cfhh7nBn3EnfBoA7oBC30o0,SSSSSSSSSSSSSVSIF,0,0,17
7BfhEB0FCifkAiDoD0D0fBDhD,FDSIIIIIFFSSSIFFFFSFF,0,0,21
0EDkBD9ikf7CDAkn9DEFDBF9B,IIFFIFIVVSF,0,0,11
30BnkfEih9fD3A3kDhiCn00FC,VVSSVVVIVVVVFFF,0,0,15
BFD9F9307Ahfh379noA0EBnhB,DDFSSSFIDDVVD,0,0,13
AhC73hBDEhAiAfDioDBhfC707,IIFIIVDFVFF,0,0,11
F30AAfC0CEnA0DBBDEDE00C0B,SFFFFSFFFFFIFVFFF,0,0,17
DCC30AABh0033iBA7nD909AEE,DFSDDDDDIFIIV,0,0,13
ChCCninkh0h0C93nE9DE3hC9B,DDDVVVVDDFFFII,0,0,14
7AFEk7DDC0DAAnkoh3kfCD9hC,DIVVFFDIVVVFFFIFF,0,0,17
EiB373onB3DBoFo300n99hn9E,FSIIFDFFFIFFFIIFFFFFDFII,0,0,24
FohFED0ihi9AnEEoC9Eo7Cio3,SSSDVVVDVVF,0,0,11
FfAChoBi9f3BfihAfFDFEDD9F,VVVFVSSSFFFVIVVVV,0,0,17
kDhfiC3i970ihBkAf7ifn97ki,FVSVVVDVFVVVD,0,0,13
kkCF7h9i70Ckook7CDEF0CBCE,IFFFISVVSFIF,0,0,12
iihh0CDf7Fk0kkEikE0on0Ei9,IDSFIDDDDFFS,0,0,12
fho0EkF09Co0303Eoo70A9nBE,FFSIFSDDFIS,0,0,11
AkADniADnfk7oCh07n0Ckh7DC,DFFSSDDFSIFF,0,0,12
BFoEoifA0DnhhfhC37BCo7B03,VFFIFVVIFFSIDDDIVFFIV,0,0,21
kA9n3F73ChnkBCEkn9ofnFEki,SSSFFIFDFFF,0,0,11
Fn0DoBCDBokAon0DiBC9Bii0f,SVSSDVVVSSVVVDIFSDDS,0,0,20
EAk7o0BoBCkC0FC0n3B9F7fnF,FFFSSFDIFIII,0,0,12
ECf799kFho0oCBffBkhAFk9ff,VSSSIVVVVVFF,0,0,12
9990CFEoC37039E0F0hok7iAk,SDDFSSISIDSISF,0,0,14
kFC0nEB7inEDho9f0o3CBBAf3,FSIFFFDSFSS,0,0,11
E3F3AEBnCD79DnfBBB0knD3oi,VIFFIIFFFFFFFFDFFFF,0,0,19
noiEhCD33i0Dkh0ABfBokkh3C,FFIDIIFFFDFFFFSF,0,0,16
kff9hFoo3kfFf7FEkFEBFE3ff,SFSSFFFISSFFDDD,0,0,15
F3AE9FA9nnnk3An90Fn9k0EFk,SVFDFIVVVVIVVV,0,0,14
i0E9AkFkF9CnAEh0Eh70hnDDo,FSIDFFFFFISIFFSFFIF,0,0,19
i7C7kiECnf7ChFDCnin0nA3Ai,SVVVSFDSSSS,0,0,11
ChCConE0ffEf9BEn373hn3077,FSDSVIFFFIS,0,0,11
F7CkfooEAEDEn33EAE97iinF3,FFIFSSSFFIFFFD,0,0,14
o09Ch09nhEDADFnoD3kEnokkA,VFVVVFVVVVVVDVVVDVVVVVVVDIF,0,0,27
oBoD3Fh3BF0EFAD0Ch9io3oFh,DDSSISSSSFF,0,0,11
hDBCfBA707Dh7EBChiFnfoDh7,FFSIVVFFFFVF,0,0,12
AniA3F9fF9fEEEfhko77oEF0i,SVVSVVVVVVFIVVV,0,0,15
33EFn77ofn3onEonA7Dk30ADA,ISSIFSDVFIF,0,0,11
FB09ook3CA7Enfh9AkfikC9ko,FFFFFIFVFSF,0,0,11
09f9E0ihEAkhh0BA7nhoiDC0f,FFFFFFIIFIFFSFVV,0,0,16
h3Fi3ACBn3kh7ii7Enf9oF3hA,DDFFFFFFFSSIFFFF,0,0,16
A3n73o30h0D9B7o3iFfEC097E,FIDFDFDFFFSSD,0,0,13
CE3AhCi0B7i3kABDC7BCh077A,SSVIVVVVVFV,0,0,11
k7okhBB9okoDi7BA09FB773fA,FFVVVVVIFVDDDSSSSS,0,0,18
h0E3fCn0An9fEE3007AEAnf0f,SSIIFFSVVVV,0,0,11
fiio3o7Co09h9n77C909BEFDo,FFDIFFDIFISIDDF,0,0,15
oCkD7Ef0AEEk7nn7EFCiffk9h,DISDDDFFDDFFF,0,0,13
hfhnh7fCEFnDAoAkkCDCnik03,IFFFFFFIFSIDFFFFIIFIFFF,0,0,23
EF7CC3hCECnBFE9ChfA7B7BDk,SSISIFSSFFFFDSIF,0,0,16
nACh9fBAD73A3ioCnDFB00hkF,DSFFIIFFFFIIFFFFFFSFIFFFIFI,0,0,27
C0D0CkkkCiDDo3FhF0k9F0i7h,VVVVVVVVVVDVFVISD,0,0,17
B77hhEfF0f3CAoDFhA79hfhBn,VFFFDIVDSVVVI,0,0,13
D0iBEhfhBAnCDnEBAff30Cf7h,DDDIFSDIDDDFI,0,0,13
FDADooAhooFFBk93D9hDBo0F7,DSFIFIFFFFIFFIF,0,0,15
EEfk33no3Fh7nFECok0nih7D7,FFFFIIFSFIVFII,0,0,14
A9EhE03EE7BFn3AE0F7hD30fD,DSSDDFSIIDI,0,0,11
AEoC0nokDhkfED3FB9hn3n3k3,FSFSSDIIFSS,0,0,11
EB3ffkh3ioCkoD0Ci9oi979n3,DSSSIDIFFIFDF,0,0,13
k33ohECC3FB0n0nEnkoCCkofi,SDDIFFFFIFI,0,0,11
fokC0ChFhhn3CBoFiioF3n7Fh,VVVDFIDSSSSSSSSF,0,0,16
AnA0fhBDBoin03An3ki9FkA7C,SSSSSSSSSSSSSFIFFSSIFIFFDFD,0,0,27
kCn3o0onhD93f77BEF9ninFi3,FFFFIDFFFIFFFFS,0,0,15
9oBio909FEA09k0F7nADFhiB3,VVVVVFVSVVFVVVVVVVI,0,0,19
hnF3AnFk9oABi9o9737BEBDF9,DSFDDDVVVSS,0,0,11
B0onkk7EDnC7CiiFDk9Fon9D9,FSDDFIFSIDFDD,0,0,13
hi7ChD7fA7io3AEfFE0fohnn3,FDIFSSSSSSSF,0,0,12
39oAhB0Cofihnf7AkD7BoDfoh,FFFSFSVVSVSVFVIIVII,0,0,19
nfnfDfFiD0oAiBEkDE3CCf00F,DSFDDDDFDDISD,0,0,13
7ABoAo0fi9DniDnA773A0Ekoo,SDFIFDSDFISI,0,0,12
fDBEFiA9k37kAioBonnEo0f0C,FIFVFFVVSVV,0,0,11
997FoEB9A939EB0DfhffDECCh,DVDVVFVVDDDI,0,0,12
En70nff79Bho0i9k7kBEkoDoA,VVSSSSVVVVIVVVSSSSVFVVVSSSSI,0,0,28
CiAfBCBFoDDEBh3fBEoB7h9Bh,SSSSSVVVVVVVVFIFIV,0,0,18
BoDhoF0CnhCC0EDnCEBFfEo9C,VIVVSSSVVFVIF,0,0,13
09fkok007iBACBi9EhhBD7B30,VVSVVFSSSIFFFVSV,0,0,16
0ni9030DDD0BnE0B3C3BFfE9i,DSSVFVVVVVSVF,0,0,13
0hiF9A9n0D0CBFEB9khnn3CfF,FSSSSSSSISSSSSFD,0,0,16
C77nhoA3nkEF7ikhEn0F99nnf,ISSSSSVVVFVFVFVVSVVVVSFVV,0,0,25
BDnnDh9iD7o0okn0kA93CAfnA,IFIFFFFSFVFFV,0,0,13
in3CnF9003kDn9ooiBko079Di,IFVSIFFIFII,0,0,11
h7DhFBiEi993oBCFEAEFko399,FFFIFFSFFFIIFIISFFFFFVVFIF,0,0,26
E9oDokA3infkoo3BiCFC9f7ho,DSVVVVVVVVVVVVVVVVVF,0,0,20
9E393okfDo3AiA397B7nCA7Ao,SFFFIFIIFIFIDDDF,0,0,16
3DEnE7nfCC9k3fC0BinhFCi7i,IISSFSDFFIFF,0,0,12
EkCBAk7C0CooDFhBEfFEnhkoA,FSSIFSFFSSDD,0,0,12
hoo93nfE0DCAi3nDi7iCD30hi,FFIDSSFSSSS,0,0,11
i9EAknkAA0Cnfi9D3k97ECCDf,DSSDSFSIFDDD,0,0,12
CD7h77fC7Fh3kBF09CoCAfB3F,DSVVVSSDSSIDDV,0,0,14
37Dnk99fDEffEh9EEkEhnFAEo,FFIIIFFIDDS,0,0,11
iEffAAkkkE993E79kooCA0DA9,FDDFIFSSSFFII,0,0,13
DF0hnDhADE30ABnhh7i707Ein,FFFFFFIFFIFVSFFFFFVV,0,0,20
fD9DFohBC777kC39h9AknkD7D,FFSSVSFIVIVVVVV,0,0,15
FB0f3AC9BhhCfBE3BA0CDf93D,FIVFFFFFDDI,0,0,11
kD7DCDfnk0F9Ff39BkfhE79o9,IFIFFFFFFFDFSSSIFIIFFIIFFFIFFIF,0,0,31
0300h03nii7CE9FCfiA9FnAi9,FFFFIFISFDD,0,0,11
FBnkknf0DhnEiCi3hioFfiE33,IVVVVVVVFVVSVVVVVVVVVVVVVVV,0,0,27
nCkiEhE0nBF9EiAfnno3ofBEh,FFFVVVVFIFISIFIF,0,0,16
9iDfkAn300nn7Ao7hkkBn0oBo,FIFSFVVSFFIFIIFIIVFFFF,0,0,22
EBDf9kiFiBo90390ChFn79A0A,FFFSFFFFIDFFDF,0,0,14
kiD0k7hFonooFnDFiChnB9fDo,DSIFSSIFSSSS,0,0,12
DnFBnEif0oi7EkEnDDE7EAkkk,SFFVVFFFIIFFFFFFFIFIF,0,0,21
C793k9o3ADFfnhD9hF03k97Ai,SVFFFIVVVVVVVFFFF,0,0,17
9h3fBhfhkABAni399BACD9oFn,SDFFIIFSSSSSFF,0,0,14
fkkC9nDD0nBkoihEihAnDEnAk,FIFFFFSSDFFFFFFIFFIFFFIFIFFFIFF,0,0,31
Do33AonfhDA3o3FCEkoiknC3C,FFFFIFVFFFFS,0,0,12
70hFoknnoBEfof3DBDF03AABF,ISSSDDDIFII,0,0,11
3BEoEfkhFFAhfDh37f0BikF90,DSFDFDIIDDI,0,0,11
0k3Ai39A9DBhAFF0noon77oi3,FVFFVISFIIV,0,0,11
FohA03EBkhh7CiBDn7DE0DCCC,FVVVDDIDDFIIDD,0,0,14
D7AnD0D7h9EB0n0Dn7CiBknB9,DDFFISSFFFFF,0,0,12
nBhBFkfAk0oB7BfFFf7kE7ok0,SSSVFVSSVVVVIV,0,0,14
0hfB7nFkD7kh0io3AEB3CBfED,DIFIDFFIFIVVFFFFII,0,0,18
nniDE9Afknk0hFAohChiCFA7i,FFFSIIVVFFSS,0,0,12
EDiD0933k0CBiiBhfEho7oCoA,DDSSDSDVFISV,0,0,12
FFfk37D7iECk0EBoofD9DF3AC,VVVVSVVVVFVVVVVVVVVVVFVVFFIFF,0,0,29
fii09if3k3no9hkn0hoF9ihD7,VVVVVSDVVVVVF,0,0,13
C03hnhF0f9nCECo7inB9hAfB3,FFIFFVVFFVVIVVVFFFFISVVF,0,0,24
ki3Bi0A7BECnAAED79D0o7E00,FVVVIIDVVVVVDV,0,0,14
BAAC9DFfkkCiDfho973kDnfFo,SDDDDFFFFIF,0,0,11
70okFf00C97iBCAf99CD9EkBo,IISVVVVVIDDDVV,0,0,14
B73A0o0AD0Ah9BF739D9kh7kB,IFFDFFFFFSFIDFIFFDF,0,0,19
Anhn39oBFoni7koF3BEhEDEii,FIFFFSFVFFF,0,0,11
03EAk0ohF0AoACokE7Eho9nD3,SDDSSSSSSIVF,0,0,12
hn7CD7EinoDiFDChB09AkB3hA,FFFFSFDFFFFIFIIFFF,0,0,18
79CoB3hok3nEi0noA0AB0ikAC,VSVVVVVVVFVVVVVI,0,0,16
h73Eo3i90Fokhhh3BfC7kCEAk,SSIFVVIIVVVF,0,0,12
0A073Fin0k7C37i7kDnffiFk3,FIDSSIDDDDDFFISSSSSSID,0,0,22
BnfA73AniA03EChf7hE30kBAB,FFSSSIIFSSSFSFFFSIFIFDF,0,0,23
37A7F3AEh3E9khno0AiDni7FD,FFIFIVVSIIVF,0,0,12
nfi0nA9F9ifA3B9A993A70hCk,SSSSFFFVISS,0,0,11
k3nh9BnCAihFiCFkEDF0kk773,FFVVFIVIFFFSVIFFDFIF,0,0,20
DooiDE0o9n0n9niEECA9A90Eh,FFIDDDSDDFDD,0,0,12
fC9fi33iDfBni3BDkFfkninno,SSSSFIISDDSD,0,0,12
knnEhnAFi0n3AhniA7hB7FF0F,SSSSSSSFDDI,0,0,11
iAF9iChhnkD7C3nnnEkhEih90,DSFFFIFIFFIFFII,0,0,15
EhDkC9f0EikiAC9DoD7hFFCok,FFFFFSIFSFVFVVVVVFFIF,0,0,21
DFA0nh3ACofiioE9BkkD0EfkF,FIFFFFIFSSIFSFIVVV,0,0,18
Dki0oADfEAiFCn3nnBf90o9B0,FSSFFFIVIFF,0,0,11
fo9E33oh3nf9hFhkn0ACDfkCk,DFSFDFFFIFDF,0,0,12
nEnD90oi0hi990i3F73FfA9fC,FSIFIIIIDFIDFFFFFFIFI,0,0,21
F7n39fnBF0io7oFnCCnEoAF7E,SSVVVVVIFVVVVV,0,0,14
oFFkoDCBf09AfkCfF3kki3k3B,VSVVFVVVVVDSDFD,0,0,15
nf7f3hnokfoFADn0n3hB3hC70,SVVFIVVVVFVVVVIFIFIF,0,0,20
h9AhA7hAoDA7oh73CkfBAFADi,VDFFFFFIFVVV,0,0,12
ikBo9ihiikC9fE0niA3AF9BEE,SSSSSSFIIDFI,0,0,12
f0E9En30Ahfh7E0iA7nCBk990,IVFVFVVVSSIFVVFVFFI,0,0,19
D9nk90iBh3kioifinkhnE0f3F,SFISFDFFFIFFFF,0,0,14
C00oBfoAiC9CEEoEFBfD0CAih,IFFDSFDFFDFFDDIF,0,0,16
39B77kBhffiih9hAfDFffEiBF,IISIFFSIFVVVI,0,0,13
E0FCDifkf0Dk33oCf3fD0FEAf,DDDIDFDDSDFDDDFI,0,0,16
CnBkBi0fB7E90AAkCEBEkEA9B,IFFFISSFFFIFFFFFIFFDIFFFFI,0,0,26
hCEk0C3AninikEnC000oC9oB9,FVIVFVFIVVSFVI,0,0,14
FDkAA7hfF73Bfh997kkkAkBn0,SSFISIFVVVVV,0,0,12
9koEi9FDEiDEEii9ifhDFhF9F,FSSSIIIFFIVVIIFFFI,0,0,18
3fFiB3o7nofinnf7B9iAAfnDC,FVIFVVVVVVFVSSFIVVV,0,0,19